Date,USD
2010-01-01,1087.5
2010-01-04,1121.5
2010-01-05,1123.25
2010-01-06,1130.0
2010-01-07,1130.25
2010-01-08,1126.75
2010-01-11,1153.0
2010-01-12,1151.25
2010-01-13,1127.25
2010-01-14,1138.25
2010-01-15,1128.0
2010-01-18,1134.5
2010-01-19,1133.0
2010-01-20,1120.25
2010-01-21,1108.25
2010-01-22,1084.0
2010-01-25,1095.25
2010-01-26,1093.25
2010-01-27,1094.75
2010-01-28,1088.0
2010-01-29,1078.5
2010-02-01,1086.5
2010-02-02,1111.0
2010-02-03,1115.25
2010-02-04,1083.25
2010-02-05,1058.0
2010-02-08,1064.0
2010-02-09,1071.25
2010-02-10,1069.5
2010-02-11,1076.25
2010-02-12,1082.0
2010-02-15,1098.25
2010-02-16,1115.25
2010-02-17,1119.0
2010-02-18,1118.0
2010-02-19,1112.75
2010-02-22,1115.25
2010-02-23,1107.0
2010-02-24,1103.0
2010-02-25,1094.5
2010-02-26,1108.25
2010-03-01,1114.0
2010-03-02,1126.5
2010-03-03,1136.5
2010-03-04,1134.5
2010-03-05,1135.0
2010-03-08,1125.75
2010-03-09,1115.75
2010-03-10,1120.5
2010-03-11,1104.0
2010-03-12,1106.25
2010-03-15,1104.25
2010-03-16,1124.75
2010-03-17,1121.75
2010-03-18,1122.75
2010-03-19,1105.5
2010-03-22,1097.25
2010-03-23,1101.5
2010-03-24,1090.75
2010-03-25,1093.0
2010-03-26,1096.5
2010-03-29,1107.5
2010-03-30,1107.0
2010-03-31,1115.5
2010-04-01,1123.5
2010-04-02,1123.5
2010-04-05,1123.5
2010-04-06,1132.75
2010-04-07,1142.0
2010-04-08,1148.0
2010-04-09,1152.5
2010-04-12,1158.75
2010-04-13,1148.25
2010-04-14,1153.75
2010-04-15,1154.5
2010-04-16,1151.5
2010-04-19,1136.25
2010-04-20,1144.75
2010-04-21,1143.0
2010-04-22,1133.75
2010-04-23,1139.5
2010-04-26,1154.5
2010-04-27,1149.5
2010-04-28,1161.0
2010-04-29,1166.75
2010-04-30,1179.25
2010-05-03,1179.25
2010-05-04,1185.0
2010-05-05,1165.0
2010-05-06,1185.25
2010-05-07,1202.25
2010-05-10,1196.5
2010-05-11,1222.5
2010-05-12,1237.5
2010-05-13,1237.5
2010-05-14,1236.5
2010-05-17,1236.0
2010-05-18,1216.75
2010-05-19,1195.0
2010-05-20,1192.0
2010-05-21,1179.75
2010-05-24,1187.0
2010-05-25,1198.25
2010-05-26,1212.0
2010-05-27,1211.0
2010-05-28,1207.5
2010-05-31,1207.5
2010-06-01,1227.75
2010-06-02,1215.0
2010-06-03,1215.0
2010-06-04,1203.5
2010-06-07,1215.0
2010-06-08,1246.0
2010-06-09,1233.5
2010-06-10,1217.5
2010-06-11,1220.0
2010-06-14,1223.75
2010-06-15,1225.0
2010-06-16,1234.5
2010-06-17,1245.0
2010-06-18,1256.0
2010-06-21,1254.5
2010-06-22,1236.0
2010-06-23,1226.5
2010-06-24,1236.25
2010-06-25,1254.0
2010-06-28,1261.0
2010-06-29,1234.5
2010-06-30,1244.0
2010-07-01,1234.0
2010-07-02,1201.5
2010-07-05,1208.0
2010-07-06,1195.0
2010-07-07,1193.25
2010-07-08,1193.5
2010-07-09,1208.75
2010-07-12,1205.5
2010-07-13,1216.0
2010-07-14,1207.0
2010-07-15,1208.0
2010-07-16,1189.25
2010-07-19,1181.0
2010-07-20,1183.0
2010-07-21,1191.5
2010-07-22,1199.5
2010-07-23,1190.5
2010-07-26,1183.5
2010-07-27,1168.0
2010-07-28,1157.0
2010-07-29,1162.5
2010-07-30,1169.0
2010-08-02,1188.5
2010-08-03,1187.5
2010-08-04,1199.5
2010-08-05,1192.5
2010-08-06,1207.75
2010-08-09,1203.0
2010-08-10,1192.5
2010-08-11,1205.5
2010-08-12,1213.0
2010-08-13,1214.25
2010-08-16,1223.5
2010-08-17,1226.0
2010-08-18,1218.0
2010-08-19,1233.5
2010-08-20,1223.5
2010-08-23,1226.0
2010-08-24,1222.0
2010-08-25,1237.5
2010-08-26,1237.0
2010-08-27,1235.0
2010-08-30,1235.0
2010-08-31,1246.0
2010-09-01,1246.5
2010-09-02,1248.5
2010-09-03,1240.5
2010-09-06,1249.0
2010-09-07,1256.75
2010-09-08,1255.0
2010-09-09,1255.0
2010-09-10,1246.5
2010-09-13,1243.75
2010-09-14,1265.5
2010-09-15,1267.0
2010-09-16,1272.5
2010-09-17,1274.0
2010-09-20,1279.25
2010-09-21,1275.0
2010-09-22,1293.5
2010-09-23,1290.75
2010-09-24,1297.0
2010-09-27,1297.0
2010-09-28,1294.0
2010-09-29,1307.5
2010-09-30,1307.0
2010-10-01,1316.25
2010-10-04,1313.5
2010-10-05,1330.5
2010-10-06,1346.5
2010-10-07,1345.0
2010-10-08,1341.5
2010-10-11,1351.5
2010-10-12,1348.5
2010-10-13,1365.5
2010-10-14,1373.25
2010-10-15,1367.5
2010-10-18,1367.25
2010-10-19,1339.0
2010-10-20,1339.0
2010-10-21,1343.5
2010-10-22,1322.5
2010-10-25,1337.5
2010-10-26,1329.5
2010-10-27,1324.5
2010-10-28,1333.5
2010-10-29,1346.75
2010-11-01,1354.5
2010-11-02,1351.0
2010-11-03,1345.5
2010-11-04,1381.0
2010-11-05,1395.5
2010-11-08,1388.5
2010-11-09,1421.0
2010-11-10,1390.5
2010-11-11,1398.5
2010-11-12,1388.5
2010-11-15,1368.5
2010-11-16,1349.0
2010-11-17,1337.5
2010-11-18,1350.25
2010-11-19,1342.5
2010-11-22,1356.5
2010-11-23,1377.5
2010-11-24,1372.5
2010-11-25,1373.25
2010-11-26,1355.0
2010-11-29,1357.0
2010-11-30,1383.5
2010-12-01,1385.5
2010-12-02,1389.0
2010-12-03,1403.5
2010-12-06,1415.25
2010-12-07,1420.0
2010-12-08,1385.5
2010-12-09,1391.25
2010-12-10,1375.25
2010-12-13,1399.0
2010-12-14,1394.5
2010-12-15,1388.75
2010-12-16,1363.0
2010-12-17,1368.5
2010-12-20,1380.0
2010-12-21,1383.0
2010-12-22,1387.0
2010-12-23,1373.5
2010-12-24,1373.5
2010-12-27,1373.5
2010-12-28,1373.5
2010-12-29,1412.5
2010-12-30,1405.5
2010-12-31,1405.5
2011-01-03,1405.5
2011-01-04,1388.5
2011-01-05,1368.0
2011-01-06,1368.5
2011-01-07,1367.0
2011-01-10,1368.25
2011-01-11,1374.0
2011-01-12,1378.75
2011-01-13,1381.5
2011-01-14,1367.0
2011-01-17,1360.5
2011-01-18,1369.5
2011-01-19,1372.0
2011-01-20,1345.5
2011-01-21,1343.5
2011-01-24,1343.0
2011-01-25,1324.0
2011-01-26,1328.0
2011-01-27,1334.5
2011-01-28,1319.0
2011-01-31,1327.0
2011-02-01,1331.5
2011-02-02,1337.0
2011-02-03,1328.0
2011-02-04,1355.0
2011-02-07,1347.5
2011-02-08,1363.5
2011-02-09,1365.0
2011-02-10,1353.25
2011-02-11,1364.0
2011-02-14,1365.0
2011-02-15,1372.75
2011-02-16,1371.25
2011-02-17,1379.0
2011-02-18,1383.5
2011-02-21,1403.0
2011-02-22,1401.0
2011-02-23,1409.25
2011-02-24,1411.5
2011-02-25,1402.5
2011-02-28,1411.0
2011-03-01,1420.75
2011-03-02,1435.5
2011-03-03,1421.5
2011-03-04,1427.0
2011-03-07,1437.5
2011-03-08,1426.25
2011-03-09,1431.0
2011-03-10,1413.25
2011-03-11,1411.5
2011-03-14,1422.25
2011-03-15,1400.5
2011-03-16,1402.0
2011-03-17,1403.75
2011-03-18,1420.0
2011-03-21,1432.0
2011-03-22,1426.0
2011-03-23,1439.5
2011-03-24,1447.0
2011-03-25,1436.0
2011-03-28,1417.0
2011-03-29,1417.5
2011-03-30,1425.5
2011-03-31,1439.0
2011-04-01,1418.0
2011-04-04,1435.5
2011-04-05,1433.5
2011-04-06,1461.5
2011-04-07,1459.5
2011-04-08,1469.5
2011-04-11,1468.0
2011-04-12,1450.5
2011-04-13,1457.5
2011-04-14,1465.75
2011-04-15,1476.75
2011-04-18,1493.0
2011-04-19,1490.5
2011-04-20,1501.0
2011-04-21,1504.0
2011-04-22,1504.0
2011-04-25,1504.0
2011-04-26,1497.5
2011-04-27,1511.0
2011-04-28,1535.5
2011-04-29,1535.5
2011-05-02,1535.5
2011-05-03,1540.25
2011-05-04,1541.0
2011-05-05,1511.0
2011-05-06,1486.5
2011-05-09,1502.0
2011-05-10,1513.5
2011-05-11,1508.0
2011-05-12,1489.5
2011-05-13,1505.75
2011-05-16,1500.75
2011-05-17,1478.5
2011-05-18,1496.5
2011-05-19,1493.0
2011-05-20,1490.75
2011-05-23,1510.5
2011-05-24,1527.0
2011-05-25,1526.25
2011-05-26,1518.5
2011-05-27,1533.0
2011-05-30,1533.0
2011-05-31,1536.5
2011-06-01,1533.75
2011-06-02,1539.5
2011-06-03,1540.0
2011-06-06,1549.0
2011-06-07,1545.0
2011-06-08,1537.75
2011-06-09,1537.75
2011-06-10,1529.25
2011-06-13,1526.25
2011-06-14,1516.0
2011-06-15,1529.75
2011-06-16,1523.25
2011-06-17,1537.5
2011-06-20,1544.0
2011-06-21,1544.75
2011-06-22,1552.5
2011-06-23,1523.0
2011-06-24,1514.75
2011-06-27,1498.0
2011-06-28,1499.0
2011-06-29,1504.25
2011-06-30,1505.5
2011-07-01,1483.0
2011-07-04,1495.0
2011-07-05,1510.0
2011-07-06,1527.25
2011-07-07,1527.5
2011-07-08,1541.5
2011-07-11,1555.5
2011-07-12,1550.5
2011-07-13,1579.0
2011-07-14,1590.5
2011-07-15,1587.0
2011-07-18,1599.0
2011-07-19,1601.0
2011-07-20,1586.0
2011-07-21,1601.0
2011-07-22,1602.0
2011-07-25,1613.5
2011-07-26,1612.75
2011-07-27,1625.0
2011-07-28,1613.5
2011-07-29,1628.5
2011-08-01,1623.0
2011-08-02,1637.75
2011-08-03,1669.25
2011-08-04,1679.5
2011-08-05,1658.75
2011-08-08,1693.0
2011-08-09,1736.0
2011-08-10,1772.0
2011-08-11,1760.0
2011-08-12,1736.0
2011-08-15,1739.0
2011-08-16,1782.5
2011-08-17,1790.0
2011-08-18,1824.0
2011-08-19,1848.0
2011-08-22,1877.5
2011-08-23,1876.0
2011-08-24,1770.0
2011-08-25,1729.0
2011-08-26,1788.0
2011-08-29,1788.0
2011-08-30,1825.0
2011-08-31,1813.5
2011-09-01,1821.0
2011-09-02,1875.25
2011-09-05,1895.0
2011-09-06,1895.0
2011-09-07,1810.0
2011-09-08,1855.0
2011-09-09,1851.0
2011-09-12,1834.0
2011-09-13,1820.0
2011-09-14,1818.5
2011-09-15,1782.0
2011-09-16,1794.0
2011-09-19,1794.0
2011-09-20,1799.0
2011-09-21,1793.0
2011-09-22,1722.0
2011-09-23,1689.0
2011-09-26,1598.0
2011-09-27,1659.0
2011-09-28,1643.0
2011-09-29,1613.0
2011-09-30,1620.0
2011-10-03,1655.5
2011-10-04,1638.0
2011-10-05,1617.0
2011-10-06,1635.0
2011-10-07,1652.0
2011-10-10,1661.0
2011-10-11,1663.0
2011-10-12,1682.0
2011-10-13,1656.0
2011-10-14,1678.0
2011-10-17,1682.0
2011-10-18,1631.0
2011-10-19,1652.5
2011-10-20,1620.0
2011-10-21,1642.5
2011-10-24,1652.0
2011-10-25,1656.0
2011-10-26,1715.0
2011-10-27,1718.0
2011-10-28,1741.0
2011-10-31,1722.0
2011-11-01,1699.0
2011-11-02,1743.0
2011-11-03,1758.0
2011-11-04,1749.0
2011-11-07,1782.0
2011-11-08,1795.0
2011-11-09,1784.0
2011-11-10,1756.0
2011-11-11,1773.0
2011-11-14,1776.0
2011-11-15,1785.0
2011-11-16,1756.0
2011-11-17,1742.5
2011-11-18,1719.0
2011-11-21,1702.0
2011-11-22,1699.0
2011-11-23,1681.0
2011-11-24,1692.5
2011-11-25,1688.5
2011-11-28,1714.0
2011-11-29,1717.0
2011-11-30,1746.0
2011-12-01,1752.0
2011-12-02,1747.0
2011-12-05,1744.0
2011-12-06,1708.0
2011-12-07,1735.5
2011-12-08,1715.0
2011-12-09,1709.0
2011-12-12,1659.5
2011-12-13,1672.5
2011-12-14,1603.0
2011-12-15,1574.0
2011-12-16,1594.0
2011-12-19,1598.0
2011-12-20,1613.5
2011-12-21,1608.0
2011-12-22,1606.5
2011-12-23,1606.5
2011-12-26,1606.5
2011-12-27,1606.5
2011-12-28,1571.0
2011-12-29,1531.0
2011-12-30,1531.0
2012-01-02,1531.0
2012-01-03,1598.0
2012-01-04,1613.0
2012-01-05,1599.0
2012-01-06,1616.5
2012-01-09,1615.0
2012-01-10,1637.0
2012-01-11,1634.5
2012-01-12,1661.0
2012-01-13,1635.5
2012-01-16,1641.0
2012-01-17,1656.0
2012-01-18,1647.0
2012-01-19,1655.0
2012-01-20,1653.0
2012-01-23,1675.5
2012-01-24,1665.5
2012-01-25,1650.0
2012-01-26,1727.0
2012-01-27,1726.0
2012-01-30,1729.0
2012-01-31,1744.0
2012-02-01,1740.0
2012-02-02,1751.0
2012-02-03,1734.0
2012-02-06,1719.0
2012-02-07,1724.0
2012-02-08,1746.0
2012-02-09,1748.0
2012-02-10,1711.5
2012-02-13,1720.0
2012-02-14,1722.0
2012-02-15,1733.0
2012-02-16,1713.0
2012-02-17,1723.0
2012-02-20,1733.0
2012-02-21,1748.0
2012-02-22,1752.0
2012-02-23,1777.0
2012-02-24,1777.5
2012-02-27,1772.0
2012-02-28,1781.0
2012-02-29,1770.0
2012-03-01,1714.0
2012-03-02,1707.0
2012-03-05,1705.0
2012-03-06,1669.0
2012-03-07,1677.5
2012-03-08,1690.0
2012-03-09,1687.5
2012-03-12,1697.5
2012-03-13,1690.0
2012-03-14,1644.25
2012-03-15,1648.0
2012-03-16,1658.0
2012-03-19,1661.5
2012-03-20,1656.75
2012-03-21,1649.25
2012-03-22,1635.5
2012-03-23,1664.0
2012-03-26,1680.25
2012-03-27,1692.0
2012-03-28,1676.0
2012-03-29,1657.5
2012-03-30,1662.5
2012-04-02,1677.5
2012-04-03,1676.25
2012-04-04,1621.0
2012-04-05,1631.0
2012-04-06,1631.0
2012-04-09,1631.0
2012-04-10,1644.0
2012-04-11,1658.0
2012-04-12,1668.5
2012-04-13,1666.5
2012-04-16,1653.0
2012-04-17,1635.5
2012-04-18,1644.0
2012-04-19,1650.0
2012-04-20,1641.5
2012-04-23,1629.0
2012-04-24,1649.5
2012-04-25,1637.75
2012-04-26,1653.5
2012-04-27,1663.5
2012-04-30,1651.25
2012-05-01,1664.0
2012-05-02,1648.0
2012-05-03,1637.75
2012-05-04,1643.75
2012-05-07,1643.75
2012-05-08,1602.5
2012-05-09,1582.5
2012-05-10,1598.5
2012-05-11,1583.0
2012-05-14,1558.5
2012-05-15,1556.5
2012-05-16,1548.5
2012-05-17,1554.0
2012-05-18,1589.5
2012-05-21,1592.5
2012-05-22,1582.5
2012-05-23,1549.0
2012-05-24,1568.5
2012-05-25,1569.5
2012-05-28,1574.6
2012-05-29,1579.5
2012-05-30,1540.0
2012-05-31,1558.0
2012-06-01,1606.0
2012-06-04,1606.0
2012-06-05,1606.0
2012-06-06,1635.0
2012-06-07,1606.0
2012-06-08,1576.5
2012-06-11,1584.0
2012-06-12,1603.5
2012-06-13,1619.5
2012-06-14,1613.5
2012-06-15,1627.25
2012-06-18,1615.5
2012-06-19,1625.5
2012-06-20,1601.0
2012-06-21,1582.0
2012-06-22,1565.5
2012-06-25,1570.0
2012-06-26,1576.0
2012-06-27,1573.5
2012-06-28,1558.5
2012-06-29,1598.5
2012-07-02,1592.0
2012-07-03,1617.5
2012-07-04,1613.5
2012-07-05,1604.0
2012-07-06,1587.0
2012-07-09,1585.0
2012-07-10,1595.25
2012-07-11,1577.0
2012-07-12,1556.25
2012-07-13,1595.5
2012-07-16,1589.75
2012-07-17,1585.25
2012-07-18,1575.25
2012-07-19,1584.0
2012-07-20,1576.25
2012-07-23,1572.25
2012-07-24,1583.25
2012-07-25,1601.0
2012-07-26,1618.0
2012-07-27,1618.25
2012-07-30,1617.75
2012-07-31,1622.0
2012-08-01,1599.0
2012-08-02,1597.0
2012-08-03,1602.0
2012-08-06,1610.0
2012-08-07,1611.0
2012-08-08,1613.25
2012-08-09,1615.0
2012-08-10,1618.5
2012-08-13,1622.5
2012-08-14,1597.75
2012-08-15,1601.75
2012-08-16,1604.5
2012-08-17,1614.75
2012-08-20,1615.0
2012-08-21,1639.5
2012-08-22,1642.0
2012-08-23,1665.25
2012-08-24,1667.0
2012-08-27,1667.0
2012-08-28,1668.0
2012-08-29,1660.0
2012-08-30,1660.5
2012-08-31,1648.5
2012-09-03,1691.5
2012-09-04,1697.0
2012-09-05,1690.0
2012-09-06,1701.0
2012-09-07,1728.0
2012-09-10,1732.0
2012-09-11,1736.75
2012-09-12,1737.0
2012-09-13,1733.25
2012-09-14,1775.5
2012-09-17,1770.0
2012-09-18,1769.5
2012-09-19,1766.75
2012-09-20,1758.5
2012-09-21,1784.5
2012-09-24,1762.5
2012-09-25,1771.5
2012-09-26,1744.75
2012-09-27,1763.0
2012-09-28,1776.0
2012-10-01,1787.0
2012-10-02,1775.5
2012-10-03,1775.25
2012-10-04,1791.75
2012-10-05,1784.0
2012-10-08,1773.5
2012-10-09,1774.0
2012-10-10,1761.25
2012-10-11,1769.0
2012-10-12,1766.75
2012-10-15,1736.0
2012-10-16,1746.5
2012-10-17,1749.0
2012-10-18,1743.0
2012-10-19,1737.0
2012-10-22,1726.75
2012-10-23,1711.0
2012-10-24,1706.5
2012-10-25,1715.5
2012-10-26,1716.0
2012-10-29,1707.0
2012-10-30,1710.0
2012-10-31,1719.0
2012-11-01,1716.25
2012-11-02,1685.0
2012-11-05,1683.5
2012-11-06,1691.0
2012-11-07,1715.25
2012-11-08,1717.0
2012-11-09,1738.25
2012-11-12,1735.25
2012-11-13,1726.25
2012-11-14,1725.75
2012-11-15,1710.0
2012-11-16,1713.5
2012-11-19,1730.5
2012-11-20,1732.25
2012-11-21,1724.0
2012-11-22,1731.0
2012-11-23,1734.5
2012-11-26,1750.5
2012-11-27,1746.25
2012-11-28,1708.0
2012-11-29,1725.0
2012-11-30,1726.0
2012-12-03,1720.0
2012-12-04,1697.75
2012-12-05,1694.0
2012-12-06,1694.25
2012-12-07,1701.5
2012-12-10,1712.5
2012-12-11,1710.0
2012-12-12,1716.25
2012-12-13,1692.75
2012-12-14,1696.25
2012-12-17,1695.75
2012-12-18,1694.0
2012-12-19,1665.0
2012-12-20,1650.5
2012-12-21,1651.5
2012-12-24,1651.5
2012-12-25,1651.5
2012-12-26,1651.5
2012-12-27,1655.5
2012-12-28,1657.5
2012-12-31,1657.5
2013-01-01,1657.5
2013-01-02,1693.75
2013-01-03,1679.5
2013-01-04,1648.0
2013-01-07,1645.25
2013-01-08,1656.0
2013-01-09,1657.75
2013-01-10,1675.0
2013-01-11,1657.5
2013-01-14,1666.5
2013-01-15,1680.5
2013-01-16,1676.25
2013-01-17,1675.0
2013-01-18,1688.5
2013-01-21,1687.5
2013-01-22,1690.5
2013-01-23,1690.25
2013-01-24,1671.0
2013-01-25,1660.0
2013-01-28,1656.5
2013-01-29,1663.5
2013-01-30,1677.5
2013-01-31,1664.75
2013-02-01,1669.0
2013-02-04,1666.0
2013-02-05,1673.5
2013-02-06,1674.25
2013-02-07,1668.0
2013-02-08,1668.25
2013-02-11,1652.0
2013-02-12,1647.5
2013-02-13,1645.0
2013-02-14,1646.0
2013-02-15,1612.25
2013-02-18,1610.75
2013-02-19,1607.75
2013-02-20,1588.5
2013-02-21,1577.0
2013-02-22,1576.5
2013-02-25,1586.25
2013-02-26,1590.5
2013-02-27,1604.25
2013-02-28,1588.5
2013-03-01,1582.25
2013-03-04,1574.25
2013-03-05,1579.75
2013-03-06,1574.0
2013-03-07,1579.5
2013-03-08,1581.75
2013-03-11,1579.0
2013-03-12,1594.0
2013-03-13,1589.25
2013-03-14,1586.0
2013-03-15,1595.5
2013-03-18,1603.75
2013-03-19,1610.75
2013-03-20,1607.5
2013-03-21,1613.75
2013-03-22,1607.75
2013-03-25,1599.25
2013-03-26,1598.0
2013-03-27,1603.0
2013-03-28,1598.25
2013-03-29,1598.25
2013-04-01,1598.25
2013-04-02,1583.5
2013-04-03,1574.75
2013-04-04,1546.5
2013-04-05,1568.0
2013-04-08,1575.0
2013-04-09,1577.25
2013-04-10,1575.0
2013-04-11,1565.0
2013-04-12,1535.5
2013-04-15,1395.0
2013-04-16,1380.0
2013-04-17,1392.0
2013-04-18,1393.75
2013-04-19,1405.5
2013-04-22,1424.5
2013-04-23,1408.0
2013-04-24,1428.5
2013-04-25,1451.0
2013-04-26,1471.5
2013-04-29,1467.5
2013-04-30,1469.0
2013-05-01,1454.75
2013-05-02,1469.25
2013-05-03,1469.25
2013-05-06,1469.25
2013-05-07,1444.25
2013-05-08,1468.0
2013-05-09,1465.5
2013-05-10,1426.5
2013-05-13,1430.75
2013-05-14,1433.75
2013-05-15,1410.0
2013-05-16,1381.0
2013-05-17,1368.75
2013-05-20,1354.75
2013-05-21,1360.75
2013-05-22,1408.5
2013-05-23,1380.5
2013-05-24,1390.25
2013-05-27,1390.25
2013-05-28,1376.5
2013-05-29,1382.5
2013-05-30,1413.5
2013-05-31,1394.5
2013-06-03,1402.5
2013-06-04,1399.5
2013-06-05,1404.0
2013-06-06,1400.0
2013-06-07,1386.0
2013-06-10,1383.25
2013-06-11,1374.25
2013-06-12,1382.75
2013-06-13,1385.0
2013-06-14,1391.25
2013-06-17,1384.75
2013-06-18,1366.75
2013-06-19,1372.75
2013-06-20,1292.5
2013-06-21,1295.25
2013-06-24,1286.75
2013-06-25,1279.0
2013-06-26,1236.25
2013-06-27,1232.75
2013-06-28,1192.0
2013-07-01,1242.75
2013-07-02,1252.5
2013-07-03,1250.0
2013-07-04,1251.75
2013-07-05,1212.75
2013-07-08,1235.25
2013-07-09,1255.5
2013-07-10,1256.0
2013-07-11,1285.0
2013-07-12,1279.75
2013-07-15,1284.75
2013-07-16,1291.5
2013-07-17,1297.25
2013-07-18,1283.25
2013-07-19,1295.75
2013-07-22,1327.0
2013-07-23,1333.5
2013-07-24,1335.0
2013-07-25,1326.0
2013-07-26,1331.0
2013-07-29,1329.75
2013-07-30,1324.15
2013-07-31,1314.5
2013-08-01,1315.0
2013-08-02,1309.25
2013-08-05,1304.75
2013-08-06,1280.5
2013-08-07,1282.5
2013-08-08,1298.25
2013-08-09,1309.0
2013-08-12,1341.0
2013-08-13,1328.5
2013-08-14,1326.5
2013-08-15,1329.75
2013-08-16,1369.25
2013-08-19,1365.0
2013-08-20,1372.5
2013-08-21,1363.0
2013-08-22,1375.5
2013-08-23,1377.5
2013-08-26,1377.5
2013-08-27,1419.25
2013-08-28,1419.5
2013-08-29,1407.75
2013-08-30,1394.75
2013-09-02,1392.25
2013-09-03,1399.5
2013-09-04,1390.0
2013-09-05,1385.0
2013-09-06,1387.0
2013-09-09,1390.0
2013-09-10,1358.25
2013-09-11,1363.75
2013-09-12,1328.0
2013-09-13,1318.5
2013-09-16,1324.0
2013-09-17,1312.25
2013-09-18,1301.0
2013-09-19,1365.5
2013-09-20,1349.25
2013-09-23,1323.0
2013-09-24,1314.25
2013-09-25,1322.75
2013-09-26,1333.0
2013-09-27,1341.0
2013-09-30,1326.5
2013-10-01,1290.75
2013-10-02,1306.25
2013-10-03,1316.0
2013-10-04,1309.75
2013-10-07,1323.5
2013-10-08,1329.5
2013-10-09,1304.0
2013-10-10,1298.5
2013-10-11,1265.5
2013-10-14,1285.5
2013-10-15,1270.5
2013-10-16,1273.5
2013-10-17,1319.25
2013-10-18,1316.5
2013-10-21,1317.5
2013-10-22,1333.0
2013-10-23,1331.25
2013-10-24,1344.75
2013-10-25,1347.75
2013-10-28,1361.0
2013-10-29,1349.25
2013-10-30,1354.75
2013-10-31,1324.0
2013-11-01,1306.75
2013-11-04,1320.5
2013-11-05,1307.25
2013-11-06,1319.0
2013-11-07,1307.25
2013-11-08,1285.5
2013-11-11,1282.5
2013-11-12,1281.25
2013-11-13,1272.5
2013-11-14,1286.0
2013-11-15,1287.25
2013-11-18,1283.5
2013-11-19,1275.75
2013-11-20,1257.0
2013-11-21,1240.0
2013-11-22,1246.25
2013-11-25,1243.0
2013-11-26,1247.5
2013-11-27,1245.0
2013-11-28,1245.5
2013-11-29,1253.0
2013-12-02,1229.5
2013-12-03,1217.25
2013-12-04,1227.5
2013-12-05,1222.5
2013-12-06,1233.0
2013-12-09,1237.0
2013-12-10,1266.25
2013-12-11,1260.75
2013-12-12,1225.25
2013-12-13,1232.0
2013-12-16,1234.75
2013-12-17,1231.75
2013-12-18,1230.5
2013-12-19,1196.0
2013-12-20,1195.25
2013-12-23,1199.0
2013-12-24,1199.0
2013-12-25,1199.0
2013-12-26,1199.0
2013-12-27,1214.5
2013-12-30,1204.5
2013-12-31,1204.5
2014-01-01,1204.5
2014-01-02,1225.0
2014-01-03,1234.5
2014-01-06,1246.25
2014-01-07,1227.5
2014-01-08,1221.0
2014-01-09,1226.0
2014-01-10,1244.25
2014-01-13,1248.0
2014-01-14,1251.5
2014-01-15,1236.0
2014-01-16,1241.5
2014-01-17,1250.0
2014-01-20,1255.75
2014-01-21,1238.0
2014-01-22,1241.0
2014-01-23,1263.0
2014-01-24,1267.0
2014-01-27,1260.5
2014-01-28,1251.25
2014-01-29,1264.0
2014-01-30,1242.5
2014-01-31,1251.0
2014-02-03,1262.0
2014-02-04,1250.25
2014-02-05,1254.5
2014-02-06,1256.5
2014-02-07,1259.25
2014-02-10,1277.0
2014-02-11,1282.0
2014-02-12,1289.5
2014-02-13,1296.0
2014-02-14,1320.0
2014-02-17,1327.5
2014-02-18,1320.75
2014-02-19,1320.5
2014-02-20,1316.25
2014-02-21,1323.25
2014-02-24,1334.75
2014-02-25,1339.0
2014-02-26,1331.75
2014-02-27,1332.25
2014-02-28,1326.5
2014-03-03,1349.5
2014-03-04,1334.75
2014-03-05,1337.0
2014-03-06,1345.25
2014-03-07,1335.25
2014-03-10,1344.0
2014-03-11,1346.25
2014-03-12,1366.0
2014-03-13,1368.75
2014-03-14,1385.0
2014-03-17,1378.5
2014-03-18,1355.75
2014-03-19,1338.0
2014-03-20,1327.0
2014-03-21,1336.0
2014-03-24,1310.75
2014-03-25,1313.5
2014-03-26,1304.0
2014-03-27,1296.0
2014-03-28,1294.75
2014-03-31,1291.75
2014-04-01,1283.75
2014-04-02,1292.0
2014-04-03,1284.0
2014-04-04,1297.25
2014-04-07,1299.0
2014-04-08,1309.5
2014-04-09,1301.75
2014-04-10,1320.5
2014-04-11,1318.0
2014-04-14,1325.75
2014-04-15,1298.0
2014-04-16,1301.5
2014-04-17,1299.0
2014-04-18,1299.0
2014-04-21,1299.0
2014-04-22,1286.75
2014-04-23,1285.25
2014-04-24,1291.5
2014-04-25,1301.25
2014-04-28,1299.0
2014-04-29,1297.75
2014-04-30,1288.5
2014-05-01,1278.5
2014-05-02,1281.25
2014-05-05,1281.25
2014-05-06,1306.25
2014-05-07,1296.0
2014-05-08,1287.0
2014-05-09,1291.25
2014-05-12,1298.75
2014-05-13,1296.5
2014-05-14,1305.25
2014-05-15,1299.0
2014-05-16,1291.5
2014-05-19,1302.0
2014-05-20,1295.5
2014-05-21,1287.25
2014-05-22,1298.5
2014-05-23,1291.5
2014-05-26,1291.5
2014-05-27,1275.5
2014-05-28,1263.5
2014-05-29,1255.0
2014-05-30,1250.5
2014-06-02,1247.25
2014-06-03,1242.75
2014-06-04,1245.25
2014-06-05,1252.5
2014-06-06,1247.5
2014-06-09,1253.5
2014-06-10,1259.5
2014-06-11,1262.0
2014-06-12,1265.75
2014-06-13,1273.0
2014-06-16,1276.25
2014-06-17,1267.5
2014-06-18,1269.75
2014-06-19,1293.0
2014-06-20,1312.5
2014-06-23,1313.5
2014-06-24,1318.5
2014-06-25,1316.75
2014-06-26,1311.75
2014-06-27,1317.5
2014-06-30,1315.0
2014-07-01,1327.5
2014-07-02,1326.5
2014-07-03,1317.5
2014-07-04,1319.25
2014-07-07,1313.0
2014-07-08,1323.0
2014-07-09,1322.75
2014-07-10,1340.25
2014-07-11,1335.0
2014-07-14,1306.0
2014-07-15,1310.0
2014-07-16,1301.0
2014-07-17,1302.5
2014-07-18,1307.25
2014-07-21,1311.5
2014-07-22,1310.25
2014-07-23,1308.0
2014-07-24,1292.75
2014-07-25,1294.75
2014-07-28,1304.5
2014-07-29,1299.25
2014-07-30,1294.5
2014-07-31,1285.25
2014-08-01,1291.25
2014-08-04,1290.5
2014-08-05,1284.75
2014-08-06,1306.5
2014-08-07,1305.25
2014-08-08,1309.75
2014-08-11,1307.25
2014-08-12,1315.75
2014-08-13,1312.0
2014-08-14,1313.5
2014-08-15,1296.0
2014-08-18,1296.75
2014-08-19,1296.5
2014-08-20,1295.0
2014-08-21,1275.25
2014-08-22,1277.25
2014-08-25,1277.25
2014-08-26,1286.0
2014-08-27,1282.75
2014-08-28,1292.0
2014-08-29,1285.75
2014-09-01,1286.5
2014-09-02,1267.0
2014-09-03,1265.5
2014-09-04,1271.5
2014-09-05,1266.0
2014-09-08,1259.0
2014-09-09,1255.75
2014-09-10,1251.0
2014-09-11,1241.25
2014-09-12,1231.5
2014-09-15,1234.25
2014-09-16,1232.25
2014-09-17,1236.0
2014-09-18,1220.5
2014-09-19,1219.75
2014-09-22,1213.5
2014-09-23,1222.0
2014-09-24,1217.25
2014-09-25,1213.75
2014-09-26,1213.75
2014-09-29,1219.5
2014-09-30,1216.5
2014-10-01,1216.5
2014-10-02,1211.75
2014-10-03,1195.0
2014-10-06,1195.75
2014-10-07,1210.5
2014-10-08,1217.0
2014-10-09,1226.75
2014-10-10,1219.0
2014-10-13,1229.0
2014-10-14,1234.75
2014-10-15,1237.5
2014-10-16,1237.75
2014-10-17,1234.25
2014-10-20,1244.5
2014-10-21,1250.25
2014-10-22,1243.75
2014-10-23,1232.75
2014-10-24,1232.75
2014-10-27,1228.75
2014-10-28,1229.25
2014-10-29,1223.5
2014-10-30,1202.0
2014-10-31,1164.25
2014-11-03,1167.75
2014-11-04,1166.5
2014-11-05,1142.0
2014-11-06,1145.0
2014-11-07,1154.5
2014-11-10,1162.0
2014-11-11,1156.5
2014-11-12,1164.5
2014-11-13,1161.75
2014-11-14,1169.0
2014-11-17,1182.5
2014-11-18,1192.75
2014-11-19,1196.0
2014-11-20,1190.0
2014-11-21,1203.75
2014-11-24,1197.5
2014-11-25,1199.0
2014-11-26,1197.5
2014-11-27,1194.75
2014-11-28,1182.75
2014-12-01,1194.0
2014-12-02,1195.0
2014-12-03,1204.75
2014-12-04,1209.0
2014-12-05,1194.0
2014-12-08,1193.0
2014-12-09,1227.0
2014-12-10,1229.0
2014-12-11,1216.25
2014-12-12,1217.0
2014-12-15,1209.25
2014-12-16,1202.5
2014-12-17,1195.75
2014-12-18,1199.0
2014-12-19,1195.5
2014-12-22,1195.25
2014-12-23,1175.75
2014-12-24,1175.75
2014-12-25,1175.75
2014-12-26,1175.75
2014-12-29,1185.5
2014-12-30,1206.0
2014-12-31,1206.0
2015-01-01,1206.0
2015-01-02,1172.0
2015-01-05,1200.0
2015-01-06,1210.25
2015-01-07,1210.5
2015-01-08,1215.5
2015-01-09,1217.75
2015-01-12,1226.5
2015-01-13,1231.5
2015-01-14,1235.0
2015-01-15,1259.0
2015-01-16,1277.5
2015-01-19,1273.75
2015-01-20,1288.75
2015-01-21,1293.5
2015-01-22,1295.75
2015-01-23,1294.75
2015-01-26,1281.25
2015-01-27,1288.5
2015-01-28,1288.0
2015-01-29,1268.75
2015-01-30,1260.25
2015-02-02,1272.5
2015-02-03,1264.25
2015-02-04,1268.5
2015-02-05,1259.25
2015-02-06,1241.0
2015-02-09,1238.5
2015-02-10,1234.5
2015-02-11,1223.75
2015-02-12,1222.5
2015-02-13,1232.5
2015-02-16,1229.25
2015-02-17,1209.5
2015-02-18,1206.0
2015-02-19,1209.5
2015-02-20,1208.25
2015-02-23,1204.5
2015-02-24,1192.5
2015-02-25,1204.75
2015-02-26,1208.25
2015-02-27,1214.0
2015-03-02,1212.5
2015-03-03,1212.75
2015-03-04,1199.5
2015-03-05,1202.0
2015-03-06,1175.75
2015-03-09,1168.5
2015-03-10,1162.0
2015-03-11,1150.0
2015-03-12,1152.25
2015-03-13,1152.0
2015-03-16,1150.75
2015-03-17,1150.75
2015-03-18,1147.25
2015-03-19,1166.0
2015-03-20,1183.1
2015-03-23,1186.25
2015-03-24,1191.5
2015-03-25,1195.6
2015-03-26,1203.15
2015-03-27,1195.75
2015-03-30,1185.5
2015-03-31,1187.0
2015-04-01,1197.0
2015-04-02,1198.5
2015-04-03,1198.5
2015-04-06,1198.5
2015-04-07,1211.0
2015-04-08,1207.25
2015-04-09,1194.8
2015-04-10,1207.35
2015-04-13,1198.9
2015-04-14,1194.75
2015-04-15,1192.9
2015-04-16,1204.35
2015-04-17,1203.35
2015-04-20,1196.5
2015-04-21,1195.3
2015-04-22,1189.25
2015-04-23,1185.75
2015-04-24,1183.0
2015-04-27,1200.0
2015-04-28,1209.0
2015-04-29,1209.0
2015-04-30,1180.25
2015-05-01,1175.95
2015-05-04,1175.95
2015-05-05,1197.0
2015-05-06,1194.25
2015-05-07,1187.0
2015-05-08,1186.0
2015-05-11,1189.25
2015-05-12,1191.5
2015-05-13,1210.5
2015-05-14,1225.0
2015-05-15,1220.5
2015-05-18,1223.5
2015-05-19,1214.3
2015-05-20,1210.5
2015-05-21,1205.0
2015-05-22,1204.1
2015-05-25,1204.1
2015-05-26,1185.4
2015-05-27,1185.85
2015-05-28,1185.0
2015-05-29,1191.4
2015-06-01,1199.9
2015-06-02,1192.8
2015-06-03,1190.0
2015-06-04,1176.0
2015-06-05,1164.6
2015-06-08,1172.8
2015-06-09,1177.4
2015-06-10,1188.5
2015-06-11,1178.5
2015-06-12,1182.8
2015-06-15,1181.4
2015-06-16,1177.75
2015-06-17,1178.0
2015-06-18,1201.85
2015-06-19,1203.4
2015-06-22,1185.5
2015-06-23,1178.0
2015-06-24,1173.75
2015-06-25,1172.65
2015-06-26,1170.5
2015-06-29,1176.0
2015-06-30,1171.0
2015-07-01,1168.0
2015-07-02,1165.25
2015-07-03,1167.95
2015-07-06,1166.0
2015-07-07,1156.25
2015-07-08,1158.5
2015-07-09,1164.25
2015-07-10,1159.3
2015-07-13,1154.0
2015-07-14,1157.4
2015-07-15,1147.4
2015-07-16,1144.4
2015-07-17,1132.8
2015-07-20,1104.6
2015-07-21,1105.6
2015-07-22,1088.6
2015-07-23,1097.4
2015-07-24,1080.8
2015-07-27,1100.0
2015-07-28,1096.2
2015-07-29,1090.25
2015-07-30,1087.5
2015-07-31,1098.4
2015-08-03,1091.9
2015-08-04,1090.65
2015-08-05,1085.1
2015-08-06,1089.75
2015-08-07,1093.5
2015-08-10,1097.0
2015-08-11,1108.25
2015-08-12,1119.0
2015-08-13,1116.75
2015-08-14,1118.25
2015-08-17,1118.8
2015-08-18,1111.45
2015-08-19,1126.15
2015-08-20,1147.7
2015-08-21,1156.5
2015-08-24,1166.5
2015-08-25,1137.5
2015-08-26,1120.75
2015-08-27,1119.0
2015-08-28,1135.0
2015-08-31,1135.0
2015-09-01,1142.3
2015-09-02,1137.75
2015-09-03,1128.0
2015-09-04,1118.25
2015-09-07,1119.5
2015-09-08,1121.15
2015-09-09,1109.85
2015-09-10,1109.5
2015-09-11,1100.25
2015-09-14,1104.8
2015-09-15,1105.95
2015-09-16,1117.6
2015-09-17,1117.5
2015-09-18,1141.5
2015-09-21,1133.25
2015-09-22,1122.9
2015-09-23,1131.35
2015-09-24,1154.5
2015-09-25,1146.65
2015-09-28,1131.05
2015-09-29,1132.1
2015-09-30,1114.0
2015-10-01,1119.0
2015-10-02,1140.75
2015-10-05,1139.75
2015-10-06,1147.5
2015-10-07,1144.6
2015-10-08,1140.0
2015-10-09,1151.55
2015-10-12,1164.9
2015-10-13,1165.2
2015-10-14,1173.9
2015-10-15,1184.25
2015-10-16,1180.85
2015-10-19,1175.4
2015-10-20,1177.75
2015-10-21,1167.1
2015-10-22,1167.0
2015-10-23,1161.25
2015-10-26,1166.4
2015-10-27,1165.7
2015-10-28,1179.6
2015-10-29,1148.6
2015-10-30,1142.35
2015-11-02,1134.0
2015-11-03,1123.1
2015-11-04,1114.7
2015-11-05,1106.3
2015-11-06,1088.9
2015-11-09,1089.6
2015-11-10,1087.1
2015-11-11,1085.9
2015-11-12,1087.4
2015-11-13,1081.5
2015-11-16,1084.75
2015-11-17,1079.2
2015-11-18,1067.75
2015-11-19,1082.6
2015-11-20,1081.75
2015-11-23,1070.5
2015-11-24,1076.4
2015-11-25,1068.0
2015-11-26,1071.0
2015-11-27,1057.4
2015-11-30,1061.9
2015-12-01,1065.4
2015-12-02,1055.4
2015-12-03,1055.45
2015-12-04,1079.25
2015-12-07,1075.8
2015-12-08,1072.1
2015-12-09,1081.0
2015-12-10,1071.0
2015-12-11,1072.5
2015-12-14,1068.25
2015-12-15,1061.5
2015-12-16,1075.25
2015-12-17,1049.4
2015-12-18,1062.5
2015-12-21,1078.75
2015-12-22,1074.9
2015-12-23,1068.25
2015-12-24,1068.25
2015-12-25,1068.25
2015-12-28,1068.25
2015-12-29,1070.1
2015-12-30,1060.0
2015-12-31,1060.0
2016-01-01,1060.0
2016-01-04,1082.25
2016-01-05,1077.0
2016-01-06,1091.4
2016-01-07,1106.35
2016-01-08,1101.85
2016-01-11,1100.75
2016-01-12,1085.4
2016-01-13,1088.15
2016-01-14,1088.4
2016-01-15,1093.75
2016-01-18,1089.2
2016-01-19,1086.25
2016-01-20,1101.75
2016-01-21,1096.5
2016-01-22,1096.25
2016-01-25,1106.6
2016-01-26,1113.6
2016-01-27,1116.25
2016-01-28,1114.0
2016-01-29,1111.8
2016-02-01,1126.5
2016-02-02,1128.5
2016-02-03,1132.0
2016-02-04,1156.35
2016-02-05,1150.35
2016-02-08,1193.25
2016-02-09,1191.0
2016-02-10,1190.0
2016-02-11,1241.0
2016-02-12,1239.75
2016-02-15,1208.2
2016-02-16,1209.5
2016-02-17,1210.0
2016-02-18,1210.1
2016-02-19,1231.15
2016-02-22,1211.0
2016-02-23,1221.35
2016-02-24,1250.75
2016-02-25,1236.0
2016-02-26,1226.5
2016-02-29,1234.9
2016-03-01,1236.5
2016-03-02,1239.2
2016-03-03,1250.25
2016-03-04,1277.5
2016-03-07,1267.9
2016-03-08,1267.0
2016-03-09,1246.4
2016-03-10,1266.5
2016-03-11,1264.75
2016-03-14,1242.75
2016-03-15,1232.0
2016-03-16,1228.5
2016-03-17,1266.5
2016-03-18,1252.1
2016-03-21,1244.9
2016-03-22,1252.5
2016-03-23,1217.6
2016-03-24,1221.0
2016-03-25,1221.0
2016-03-28,1221.0
2016-03-29,1226.0
2016-03-30,1236.25
2016-03-31,1237.0
2016-04-01,1213.6
2016-04-04,1219.75
2016-04-05,1231.25
2016-04-06,1221.4
2016-04-07,1242.1
2016-04-08,1239.5
2016-04-11,1254.75
2016-04-12,1254.6
2016-04-13,1245.75
2016-04-14,1233.85
2016-04-15,1227.1
2016-04-18,1234.3
2016-04-19,1255.4
2016-04-20,1252.0
2016-04-21,1249.25
2016-04-22,1243.25
2016-04-25,1238.9
2016-04-26,1241.7
2016-04-27,1247.4
2016-04-28,1256.0
2016-04-29,1285.65
2016-05-02,1285.65
2016-05-03,1294.0
2016-05-04,1283.0
2016-05-05,1280.25
2016-05-06,1289.0
2016-05-09,1265.25
2016-05-10,1262.8
2016-05-11,1276.85
2016-05-12,1279.25
2016-05-13,1265.9
2016-05-16,1285.75
2016-05-17,1277.0
2016-05-18,1272.9
2016-05-19,1246.25
2016-05-20,1254.2
2016-05-23,1245.9
2016-05-24,1236.85
2016-05-25,1220.6
2016-05-26,1223.85
2016-05-27,1216.25
2016-05-30,1216.25
2016-05-31,1212.1
2016-06-01,1214.5
2016-06-02,1212.4
2016-06-03,1240.5
2016-06-06,1244.0
2016-06-07,1241.0
2016-06-08,1263.0
2016-06-09,1263.9
2016-06-10,1275.5
2016-06-13,1280.8
2016-06-14,1287.15
2016-06-15,1283.3
2016-06-16,1310.75
2016-06-17,1290.7
2016-06-20,1281.8
2016-06-21,1272.6
2016-06-22,1264.85
2016-06-23,1262.15
2016-06-24,1315.5
2016-06-27,1324.55
2016-06-28,1309.7
2016-06-29,1321.5
2016-06-30,1320.75
2016-07-01,1340.0
2016-07-04,1350.75
2016-07-05,1350.75
2016-07-06,1366.25
2016-07-07,1356.7
2016-07-08,1354.25
2016-07-11,1357.1
2016-07-12,1342.4
2016-07-13,1342.75
2016-07-14,1323.6
2016-07-15,1327.0
2016-07-18,1334.7
2016-07-19,1330.9
2016-07-20,1315.9
2016-07-21,1321.15
2016-07-22,1320.75
2016-07-25,1313.15
2016-07-26,1323.0
2016-07-27,1329.0
2016-07-28,1341.75
2016-07-29,1342.0
2016-08-01,1349.65
2016-08-02,1363.75
2016-08-03,1358.9
2016-08-04,1362.75
2016-08-05,1340.4
2016-08-08,1336.8
2016-08-09,1341.0
2016-08-10,1347.7
2016-08-11,1355.0
2016-08-12,1352.2
2016-08-15,1339.4
2016-08-16,1344.0
2016-08-17,1343.35
2016-08-18,1350.05
2016-08-19,1346.4
2016-08-22,1335.9
2016-08-23,1342.0
2016-08-24,1327.25
2016-08-25,1321.3
2016-08-26,1318.75
2016-08-29,1318.75
2016-08-30,1318.15
2016-08-31,1309.25
2016-09-01,1309.5
2016-09-02,1324.7
2016-09-05,1326.35
2016-09-06,1337.25
2016-09-07,1348.35
2016-09-08,1343.4
2016-09-09,1330.85
2016-09-12,1324.6
2016-09-13,1323.65
2016-09-14,1321.75
2016-09-15,1310.8
2016-09-16,1308.35
2016-09-19,1314.85
2016-09-20,1313.8
2016-09-21,1326.1
2016-09-22,1339.1
2016-09-23,1338.65
2016-09-26,1340.5
2016-09-27,1327.0
2016-09-28,1322.5
2016-09-29,1318.1
2016-09-30,1322.5
2016-10-03,1313.3
2016-10-04,1283.3
2016-10-05,1269.4
2016-10-06,1254.5
2016-10-07,1258.75
2016-10-10,1259.5
2016-10-11,1253.45
2016-10-12,1256.5
2016-10-13,1261.05
2016-10-14,1251.75
2016-10-17,1254.8
2016-10-18,1258.2
2016-10-19,1269.05
2016-10-20,1271.65
2016-10-21,1266.05
2016-10-24,1265.55
2016-10-25,1269.4
2016-10-26,1270.5
2016-10-27,1266.25
2016-10-28,1273.0
2016-10-31,1272.0
2016-11-01,1288.45
2016-11-02,1303.75
2016-11-03,1301.0
2016-11-04,1302.8
2016-11-07,1283.05
2016-11-08,1282.35
2016-11-09,1281.4
2016-11-10,1267.5
2016-11-11,1236.45
2016-11-14,1213.6
2016-11-15,1226.95
2016-11-16,1229.2
2016-11-17,1226.75
2016-11-18,1211.0
2016-11-21,1214.25
2016-11-22,1212.25
2016-11-23,1185.35
2016-11-24,1186.1
2016-11-25,1187.7
2016-11-28,1187.0
2016-11-29,1186.55
2016-11-30,1178.1
2016-12-01,1161.85
2016-12-02,1173.5
2016-12-05,1162.2
2016-12-06,1172.5
2016-12-07,1177.65
2016-12-08,1171.05
2016-12-09,1163.6
2016-12-12,1156.1
2016-12-13,1158.55
2016-12-14,1162.25
2016-12-15,1126.95
2016-12-16,1131.6
2016-12-19,1136.25
2016-12-20,1125.7
2016-12-21,1133.65
2016-12-22,1131.35
2016-12-23,1131.35
2016-12-26,1131.35
2016-12-27,1131.35
2016-12-28,1134.6
2016-12-29,1145.9
2016-12-30,1145.9
2017-01-02,1145.9
2017-01-03,1151.0
2017-01-04,1164.25
2017-01-05,1176.7
2017-01-06,1175.85
2017-01-09,1178.5
2017-01-10,1189.5
2017-01-11,1178.55
2017-01-12,1205.05
2017-01-13,1190.35
2017-01-16,1203.0
2017-01-17,1216.05
2017-01-18,1214.75
2017-01-19,1196.05
2017-01-20,1200.55
2017-01-23,1212.85
2017-01-24,1216.8
2017-01-25,1195.0
2017-01-26,1189.7
2017-01-27,1184.85
2017-01-30,1192.8
2017-01-31,1212.8
2017-02-01,1203.65
2017-02-02,1221.95
2017-02-03,1215.2
2017-02-06,1226.75
2017-02-07,1231.0
2017-02-08,1242.1
2017-02-09,1236.8
2017-02-10,1228.3
2017-02-13,1222.25
2017-02-14,1230.75
2017-02-15,1224.4
2017-02-16,1240.55
2017-02-17,1241.95
2017-02-20,1237.3
2017-02-21,1233.2
2017-02-22,1236.65
2017-02-23,1247.9
2017-02-24,1253.65
2017-02-27,1257.2
2017-02-28,1255.6
2017-03-01,1240.4
2017-03-02,1238.1
2017-03-03,1226.5
2017-03-06,1230.95
2017-03-07,1216.65
2017-03-08,1209.2
2017-03-09,1206.55
2017-03-10,1202.65
2017-03-13,1204.2
2017-03-14,1204.6
2017-03-15,1198.8
2017-03-16,1229.35
2017-03-17,1229.6
2017-03-20,1232.4
2017-03-21,1241.6
2017-03-22,1249.05
2017-03-23,1247.5
2017-03-24,1247.5
2017-03-27,1257.55
2017-03-28,1257.25
2017-03-29,1251.1
2017-03-30,1248.8
2017-03-31,1244.85
2017-04-03,1247.25
2017-04-04,1257.65
2017-04-05,1245.8
2017-04-06,1252.5
2017-04-07,1266.45
2017-04-10,1250.05
2017-04-11,1252.9
2017-04-12,1274.3
2017-04-13,1284.15
2017-04-14,1284.15
2017-04-17,1284.15
2017-04-18,1278.95
2017-04-19,1279.05
2017-04-20,1282.1
2017-04-21,1281.85
2017-04-24,1269.4
2017-04-25,1267.8
2017-04-26,1261.85
2017-04-27,1262.8
2017-04-28,1266.45
2017-05-01,1266.45
2017-05-02,1255.45
2017-05-03,1250.3
2017-05-04,1228.45
2017-05-05,1228.05
2017-05-08,1229.8
2017-05-09,1220.4
2017-05-10,1222.95
2017-05-11,1223.15
2017-05-12,1231.25
2017-05-15,1233.3
2017-05-16,1234.2
2017-05-17,1257.4
2017-05-18,1255.9
2017-05-19,1252.0
2017-05-22,1258.85
2017-05-23,1260.2
2017-05-24,1252.55
2017-05-25,1256.95
2017-05-26,1265.05
2017-05-29,1265.05
2017-05-30,1262.7
2017-05-31,1266.2
2017-06-01,1264.85
2017-06-02,1274.95
2017-06-05,1279.95
2017-06-06,1293.5
2017-06-07,1291.0
2017-06-08,1273.1
2017-06-09,1266.55
2017-06-12,1266.4
2017-06-13,1262.0
2017-06-14,1275.5
2017-06-15,1254.55
2017-06-16,1255.4
2017-06-19,1248.15
2017-06-20,1242.2
2017-06-21,1242.5
2017-06-22,1250.8
2017-06-23,1255.7
2017-06-26,1245.25
2017-06-27,1249.55
2017-06-28,1248.0
2017-06-29,1243.5
2017-06-30,1242.25
2017-07-03,1229.25
2017-07-04,1223.75
2017-07-05,1220.3
2017-07-06,1224.9
2017-07-07,1215.65
2017-07-10,1211.9
2017-07-11,1211.05
2017-07-12,1218.8
2017-07-13,1218.9
2017-07-14,1230.3
2017-07-17,1234.1
2017-07-18,1240.75
2017-07-19,1242.15
2017-07-20,1238.7
2017-07-21,1248.55
2017-07-24,1255.55
2017-07-25,1254.4
2017-07-26,1248.1
2017-07-27,1261.1
2017-07-28,1264.9
2017-07-31,1267.55
2017-08-01,1270.95
2017-08-02,1269.6
2017-08-03,1268.1
2017-08-04,1257.7
2017-08-07,1258.0
2017-08-08,1261.8
2017-08-09,1271.05
2017-08-10,1284.4
2017-08-11,1286.1
2017-08-14,1282.3
2017-08-15,1270.3
2017-08-16,1272.75
2017-08-17,1285.15
2017-08-18,1295.8
2017-08-21,1292.9
2017-08-22,1284.2
2017-08-23,1286.65
2017-08-24,1289.0
2017-08-25,1285.3
2017-08-28,1285.3
2017-08-29,1318.65
2017-08-30,1308.5
2017-08-31,1311.75
2017-09-01,1320.4
2017-09-04,1333.1
2017-09-05,1335.55
2017-09-06,1337.85
2017-09-07,1343.5
2017-09-08,1346.25
2017-09-11,1334.2
2017-09-12,1326.5
2017-09-13,1327.55
2017-09-14,1324.55
2017-09-15,1322.85
2017-09-18,1312.1
2017-09-19,1309.6
2017-09-20,1311.3
2017-09-21,1292.1
2017-09-22,1294.8
2017-09-25,1293.3
2017-09-26,1300.05
2017-09-27,1282.55
2017-09-28,1283.35
2017-09-29,1283.1
2017-10-02,1273.7
2017-10-03,1271.25
2017-10-04,1274.25
2017-10-05,1274.5
2017-10-06,1261.8
2017-10-09,1278.75
2017-10-10,1291.4
2017-10-11,1289.25
2017-10-12,1290.25
2017-10-13,1299.6
2017-10-16,1303.3
2017-10-17,1284.75
2017-10-18,1280.2
2017-10-19,1286.4
2017-10-20,1281.2
2017-10-23,1274.9
2017-10-24,1276.45
2017-10-25,1275.0
2017-10-26,1273.75
2017-10-27,1266.45
2017-10-30,1272.0
2017-10-31,1270.15
2017-11-01,1277.05
2017-11-02,1279.2
2017-11-03,1267.2
2017-11-06,1270.9
2017-11-07,1275.6
2017-11-08,1284.0
2017-11-09,1284.8
2017-11-10,1284.3
2017-11-13,1277.95
2017-11-14,1274.6
2017-11-15,1282.2
2017-11-16,1280.0
2017-11-17,1284.35
2017-11-20,1286.2
2017-11-21,1283.3
2017-11-22,1286.95
2017-11-23,1290.35
2017-11-24,1290.5
2017-11-27,1294.9
2017-11-28,1291.85
2017-11-29,1283.85
2017-11-30,1280.2
2017-12-01,1275.5
2017-12-04,1273.45
2017-12-05,1266.3
2017-12-06,1263.7
2017-12-07,1255.0
2017-12-08,1250.65
2017-12-11,1247.15
2017-12-12,1240.9
2017-12-13,1242.65
2017-12-14,1251.0
2017-12-15,1254.6
2017-12-18,1260.6
2017-12-19,1260.35
2017-12-20,1264.55
2017-12-21,1264.55
2017-12-22,1264.55
2017-12-25,1264.55
2017-12-26,1264.55
2017-12-27,1279.4
2017-12-28,1291.0
2017-12-29,1291.0
2018-01-01,1291.0
2018-01-02,1312.05
2018-01-03,1314.9
2018-01-04,1314.5
2018-01-05,1317.15
2018-01-08,1319.95
2018-01-09,1311.0
2018-01-10,1319.75
2018-01-11,1323.05
2018-01-12,1326.8
2018-01-15,1339.25
2018-01-16,1333.85
2018-01-17,1335.65
2018-01-18,1332.2
2018-01-19,1334.95
2018-01-22,1332.6
2018-01-23,1333.4
2018-01-24,1353.7
2018-01-25,1354.95
2018-01-26,1353.15
2018-01-29,1343.85
2018-01-30,1344.9
2018-01-31,1345.05
2018-02-01,1341.35
2018-02-02,1331.15
2018-02-05,1333.6
2018-02-06,1331.4
2018-02-07,1324.65
2018-02-08,1315.45
2018-02-09,1314.1
2018-02-12,1322.3
2018-02-13,1325.35
2018-02-14,1336.25
2018-02-15,1352.45
2018-02-16,1352.1
2018-02-19,1346.6
2018-02-20,1339.85
2018-02-21,1330.5
2018-02-22,1328.35
2018-02-23,1327.95
2018-02-26,1333.5
2018-02-27,1325.75
2018-02-28,1317.85
2018-03-01,1307.75
2018-03-02,1322.3
2018-03-05,1320.4
2018-03-06,1331.4
2018-03-07,1329.4
2018-03-08,1321.0
2018-03-09,1320.6
2018-03-12,1319.15
2018-03-13,1322.75
2018-03-14,1323.55
2018-03-15,1318.75
2018-03-16,1310.1
2018-03-19,1312.4
2018-03-20,1311.0
2018-03-21,1321.35
2018-03-22,1329.15
2018-03-23,1346.6
2018-03-26,1352.4
2018-03-27,1341.45
2018-03-28,1332.45
2018-03-29,1323.85
2018-03-30,1323.85
2018-04-02,1323.85
2018-04-03,1333.45
2018-04-04,1337.3
2018-04-05,1327.7
2018-04-06,1331.2
2018-04-09,1331.95
2018-04-10,1338.95
2018-04-11,1350.75
2018-04-12,1341.35
2018-04-13,1343.7
2018-04-16,1349.35
2018-04-17,1342.1
2018-04-18,1351.45
2018-04-19,1348.6
2018-04-20,1336.75
2018-04-23,1324.3
2018-04-24,1328.85
2018-04-25,1321.65
2018-04-26,1320.7
2018-04-27,1321.5
2018-04-30,1313.2
2018-05-01,1307.1
2018-05-02,1304.2
2018-05-03,1315.05
2018-05-04,1309.4
2018-05-07,1309.4
2018-05-08,1306.6
2018-05-09,1313.85
2018-05-10,1318.8
2018-05-11,1324.35
2018-05-14,1319.85
2018-05-15,1295.0
2018-05-16,1291.25
2018-05-17,1289.5
2018-05-18,1288.3
2018-05-21,1288.35
2018-05-22,1293.05
2018-05-23,1289.0
2018-05-24,1304.85
2018-05-25,1303.5
2018-05-28,1303.5
2018-05-29,1295.5
2018-05-30,1300.7
2018-05-31,1305.35
2018-06-01,1294.6
2018-06-04,1295.45
2018-06-05,1292.05
2018-06-06,1300.1
2018-06-07,1297.25
2018-06-08,1298.25
2018-06-11,1299.6
2018-06-12,1298.65
2018-06-13,1296.15
2018-06-14,1302.75
2018-06-15,1285.25
2018-06-18,1281.55
2018-06-19,1276.15
2018-06-20,1274.2
2018-06-21,1266.15
2018-06-22,1269.15
2018-06-25,1268.7
2018-06-26,1260.3
2018-06-27,1254.6
2018-06-28,1251.55
2018-06-29,1250.45
2018-07-02,1247.8
2018-07-03,1251.75
2018-07-04,1255.65
2018-07-05,1255.5
2018-07-06,1255.35
2018-07-09,1262.05
2018-07-10,1254.0
2018-07-11,1251.4
2018-07-12,1245.9
2018-07-13,1241.7
2018-07-16,1241.1
2018-07-17,1232.8
2018-07-18,1224.5
2018-07-19,1217.55
2018-07-20,1228.75
2018-07-23,1224.95
2018-07-24,1228.35
2018-07-25,1231.5
2018-07-26,1228.25
2018-07-27,1223.95
2018-07-30,1223.8
2018-07-31,1220.95
2018-08-01,1219.0
2018-08-02,1215.45
2018-08-03,1216.3
2018-08-06,1209.65
2018-08-07,1212.35
2018-08-08,1209.55
2018-08-09,1214.35
2018-08-10,1214.4
2018-08-13,1200.35
2018-08-14,1197.0
2018-08-15,1182.0
2018-08-16,1180.4
2018-08-17,1178.4
2018-08-20,1184.35
2018-08-21,1190.95
2018-08-22,1196.65
2018-08-23,1192.35
2018-08-24,1197.7
2018-08-27,1197.7
2018-08-28,1212.25
2018-08-29,1204.2
2018-08-30,1197.3
2018-08-31,1202.45
2018-09-03,1200.05
2018-09-04,1190.85
2018-09-05,1196.7
2018-09-06,1205.15
2018-09-07,1198.9
2018-09-10,1196.6
2018-09-11,1189.85
2018-09-12,1195.6
2018-09-13,1209.8
2018-09-14,1201.95
2018-09-17,1201.9
2018-09-18,1200.2
2018-09-19,1203.3
2018-09-20,1208.35
2018-09-21,1198.7
2018-09-24,1202.75
2018-09-25,1201.9
2018-09-26,1194.25
2018-09-27,1185.4
2018-09-28,1187.25
2018-10-01,1189.35
2018-10-02,1204.7
2018-10-03,1201.2
2018-10-04,1203.45
2018-10-05,1203.8
2018-10-08,1186.95
2018-10-09,1185.55
2018-10-10,1188.6
2018-10-11,1205.55
2018-10-12,1219.75
2018-10-15,1229.95
2018-10-16,1230.7
2018-10-17,1229.05
2018-10-18,1223.0
2018-10-19,1227.85
2018-10-22,1222.3
2018-10-23,1235.95
2018-10-24,1230.55
2018-10-25,1230.8
2018-10-26,1233.85
2018-10-29,1230.8
2018-10-30,1225.4
2018-10-31,1214.95
2018-11-01,1231.15
2018-11-02,1232.1
2018-11-05,1232.25
2018-11-06,1231.6
2018-11-07,1229.95
2018-11-08,1224.15
2018-11-09,1211.4
2018-11-12,1205.55
2018-11-13,1202.1
2018-11-14,1203.25
2018-11-15,1211.85
2018-11-16,1222.4
2018-11-19,1221.6
2018-11-20,1223.0
2018-11-21,1226.1
2018-11-22,1227.05
2018-11-23,1223.65
2018-11-26,1223.4
2018-11-27,1221.2
2018-11-28,1213.25
2018-11-29,1226.25
2018-11-30,1217.55
2018-12-03,1230.3
2018-12-04,1240.3
2018-12-05,1235.9
2018-12-06,1242.55
2018-12-07,1243.3
2018-12-10,1245.35
2018-12-11,1245.3
2018-12-12,1245.75
2018-12-13,1242.75
2018-12-14,1235.35
2018-12-17,1241.65
2018-12-18,1246.3
2018-12-19,1255.0
2018-12-20,1259.75
2018-12-21,1258.15
2018-12-24,1258.15
2018-12-25,1258.15
2018-12-26,1258.15
2018-12-27,1268.0
2018-12-28,1279.0
2018-12-31,1279.0
2019-01-01,1279.0
2019-01-02,1282.9
2019-01-03,1290.45
2019-01-04,1279.9
2019-01-07,1292.2
2019-01-08,1286.45
2019-01-09,1288.6
2019-01-10,1291.9
2019-01-11,1288.95
2019-01-14,1292.75
2019-01-15,1294.4
2019-01-16,1292.3
2019-01-17,1290.7
2019-01-18,1284.2
2019-01-21,1279.55
2019-01-22,1282.1
2019-01-23,1279.8
2019-01-24,1283.7
2019-01-25,1293.9
2019-01-28,1302.15
2019-01-29,1307.55
2019-01-30,1310.7
2019-01-31,1323.25
2019-02-01,1318.7
2019-02-04,1312.15
2019-02-05,1314.2
2019-02-06,1312.4
2019-02-07,1310.0
2019-02-08,1314.85
2019-02-11,1306.4
2019-02-12,1310.0
2019-02-13,1312.8
2019-02-14,1311.45
2019-02-15,1316.55
2019-02-18,1325.5
2019-02-19,1334.15
2019-02-20,1343.75
2019-02-21,1331.25
2019-02-22,1329.05
2019-02-25,1331.05
2019-02-26,1325.05
2019-02-27,1322.85
2019-02-28,1319.15
2019-03-01,1311.95
2019-03-04,1285.4
2019-03-05,1283.8
2019-03-06,1285.85
2019-03-07,1285.3
2019-03-08,1296.75
2019-03-11,1292.75
2019-03-12,1297.05
2019-03-13,1306.95
2019-03-14,1295.55
2019-03-15,1303.5
2019-03-18,1305.6
2019-03-19,1307.7
2019-03-20,1303.7
2019-03-21,1309.6
2019-03-22,1311.3
2019-03-25,1319.55
2019-03-26,1316.3
2019-03-27,1309.7
2019-03-28,1295.15
2019-03-29,1295.4
2019-04-01,1293.5
2019-04-02,1290.3
2019-04-03,1290.45
2019-04-04,1283.15
2019-04-05,1288.45
2019-04-08,1300.0
2019-04-09,1303.0
2019-04-10,1305.45
2019-04-11,1298.8
2019-04-12,1294.3
2019-04-15,1285.65
2019-04-16,1276.35
2019-04-17,1275.85
2019-04-18,1275.7
2019-04-19,1275.7
2019-04-22,1275.7
2019-04-23,1269.5
2019-04-24,1271.65
2019-04-25,1280.8
2019-04-26,1284.2
2019-04-29,1279.5
2019-04-30,1282.3
2019-05-01,1283.8
2019-05-02,1270.95
2019-05-03,1278.55
2019-05-06,1278.55
2019-05-07,1281.2
2019-05-08,1285.2
2019-05-09,1286.1
2019-05-10,1287.1
2019-05-13,1295.6
2019-05-14,1298.4
2019-05-15,1299.1
2019-05-16,1291.7
2019-05-17,1280.8
2019-05-20,1276.85
2019-05-21,1271.15
2019-05-22,1273.8
2019-05-23,1283.65
2019-05-24,1282.5
2019-05-27,1282.5
2019-05-28,1278.3
2019-05-29,1281.65
2019-05-30,1280.95
2019-05-31,1295.55
2019-06-03,1317.1
2019-06-04,1324.25
2019-06-05,1335.05
2019-06-06,1335.5
2019-06-07,1340.65
2019-06-10,1328.6
2019-06-11,1324.3
2019-06-12,1332.35
2019-06-13,1335.9
2019-06-14,1351.25
2019-06-17,1341.3
2019-06-18,1341.35
2019-06-19,1344.05
2019-06-20,1379.5
2019-06-21,1397.15
2019-06-24,1405.7
2019-06-25,1431.4
2019-06-26,1403.95
2019-06-27,1402.5
2019-06-28,1409.0
2019-07-01,1390.1
2019-07-02,1391.05
2019-07-03,1413.5
2019-07-04,1414.9
2019-07-05,1388.65
2019-07-08,1400.1
2019-07-09,1391.55
2019-07-10,1408.3
2019-07-11,1413.75
2019-07-12,1407.6
2019-07-15,1412.4
2019-07-16,1409.85
2019-07-17,1410.35
2019-07-18,1417.45
2019-07-19,1439.7
2019-07-22,1427.75
2019-07-23,1425.55
2019-07-24,1426.95
2019-07-25,1416.1
2019-07-26,1420.4
2019-07-29,1419.05
2019-07-30,1425.9
2019-07-31,1427.55
2019-08-01,1406.8
2019-08-02,1441.75
2019-08-05,1465.25
2019-08-06,1465.25
2019-08-07,1506.05
2019-08-08,1495.75
2019-08-09,1497.7
2019-08-12,1504.7
2019-08-13,1498.4
2019-08-14,1513.25
2019-08-15,1515.65
2019-08-16,1515.25
2019-08-19,1496.6
2019-08-20,1504.55
2019-08-21,1503.25
2019-08-22,1502.05
2019-08-23,1503.8
2019-08-26,1503.8
2019-08-27,1532.95
2019-08-28,1537.15
2019-08-29,1540.2
2019-08-30,1528.4
2019-09-02,1525.95
2019-09-03,1537.85
2019-09-04,1546.1
2019-09-05,1529.1
2019-09-06,1523.7
2019-09-09,1509.2
2019-09-10,1498.25
2019-09-11,1490.65
2019-09-12,1515.2
2019-09-13,1503.1
2019-09-16,1497.2
2019-09-17,1502.1
2019-09-18,1503.5
2019-09-19,1500.7
2019-09-20,1501.9
2019-09-23,1522.1
2019-09-24,1520.65
2019-09-25,1528.75
2019-09-26,1506.4
2019-09-27,1489.9
2019-09-30,1485.3
2019-10-01,1473.45
2019-10-02,1492.6
2019-10-03,1517.1
2019-10-04,1499.15
2019-10-07,1501.25
2019-10-08,1505.85
2019-10-09,1507.25
2019-10-10,1494.8
2019-10-11,1479.15
2019-10-14,1490.6
2019-10-15,1487.8
2019-10-16,1485.1
2019-10-17,1492.65
2019-10-18,1490.0
2019-10-21,1491.65
2019-10-22,1485.35
2019-10-23,1494.45
2019-10-24,1496.55
2019-10-25,1513.45
2019-10-28,1492.4
2019-10-29,1486.75
2019-10-30,1492.1
2019-10-31,1510.95
2019-11-01,1508.8
2019-11-04,1509.45
2019-11-05,1488.95
2019-11-06,1486.05
2019-11-07,1484.25
2019-11-08,1464.15
2019-11-11,1458.7
2019-11-12,1452.05
2019-11-13,1462.9
2019-11-14,1466.65
2019-11-15,1466.9
2019-11-18,1467.65
2019-11-19,1468.45
2019-11-20,1471.7
2019-11-21,1467.05
2019-11-22,1464.45
2019-11-25,1458.4
2019-11-26,1454.65
2019-11-27,1454.35
2019-11-28,1454.65
2019-11-29,1460.15
2019-12-02,1461.15
2019-12-03,1477.3
2019-12-04,1475.1
2019-12-05,1475.95
2019-12-06,1459.65
2019-12-09,1461.7
2019-12-10,1464.95
2019-12-11,1466.8
2019-12-12,1467.8
2019-12-13,1466.6
2019-12-16,1477.9
2019-12-17,1475.8
2019-12-18,1474.05
2019-12-19,1476.7
2019-12-20,1479.0
2019-12-23,1482.1
2019-12-24,1482.1
2019-12-25,1482.1
2019-12-26,1482.1
2019-12-27,1511.5
2019-12-30,1514.75
2019-12-31,1514.75
2020-01-01,1514.75
2020-01-02,1527.1
2020-01-03,1548.75
2020-01-06,1573.1
2020-01-07,1567.85
2020-01-08,1571.95
2020-01-09,1550.75
2020-01-10,1553.6
2020-01-13,1549.9
2020-01-14,1545.1
2020-01-15,1549.0
2020-01-16,1554.55
2020-01-17,1557.6
2020-01-20,1560.15
2020-01-21,1551.3
2020-01-22,1556.9
2020-01-23,1562.9
2020-01-24,1564.3
2020-01-27,1580.1
2020-01-28,1574.0
2020-01-29,1573.45
2020-01-30,1578.25
2020-01-31,1584.2
2020-02-03,1574.75
2020-02-04,1558.35
2020-02-05,1553.3
2020-02-06,1563.3
2020-02-07,1572.65
2020-02-10,1573.2
2020-02-11,1570.5
2020-02-12,1563.7
2020-02-13,1575.05
2020-02-14,1581.4
2020-02-17,1580.8
2020-02-18,1589.85
2020-02-19,1604.2
2020-02-20,1619.0
2020-02-21,1643.3
2020-02-24,1671.65
2020-02-25,1650.3
2020-02-26,1634.9
2020-02-27,1652.0
2020-02-28,1609.85
2020-03-02,1599.65
2020-03-03,1615.5
2020-03-04,1641.85
2020-03-05,1659.6
2020-03-06,1683.65
2020-03-09,1672.5
2020-03-10,1655.7
2020-03-11,1653.75
2020-03-12,1570.7
2020-03-13,1562.8
2020-03-16,1487.7
2020-03-17,1536.2
2020-03-18,1498.2
2020-03-19,1474.25
2020-03-20,1494.4
2020-03-23,1525.4
2020-03-24,1605.75
2020-03-25,1605.45
2020-03-26,1634.8
2020-03-27,1617.3
2020-03-30,1618.3
2020-03-31,1608.95
2020-04-01,1576.55
2020-04-02,1616.8
2020-04-03,1613.1
2020-04-06,1648.3
2020-04-07,1649.25
2020-04-08,1647.8
2020-04-09,1680.65
2020-04-10,1680.65
2020-04-13,1680.65
2020-04-14,1741.9
2020-04-15,1718.65
2020-04-16,1729.5
2020-04-17,1692.55
2020-04-20,1686.2
2020-04-21,1682.05
2020-04-22,1710.55
2020-04-23,1736.25
2020-04-24,1715.9
2020-04-27,1714.95
2020-04-28,1691.55
2020-04-29,1703.35
2020-04-30,1702.75
2020-05-01,1686.25
2020-05-04,1709.1
2020-05-05,1699.55
2020-05-06,1691.5
2020-05-07,1704.05
2020-05-08,1704.05
2020-05-11,1702.75
2020-05-12,1702.4
2020-05-13,1708.4
2020-05-14,1731.6
2020-05-15,1735.35
2020-05-18,1734.7
2020-05-19,1737.95
2020-05-20,1748.3
2020-05-21,1724.9
2020-05-22,1733.55
2020-05-25,1733.55
2020-05-26,1720.25
2020-05-27,1694.6
2020-05-28,1717.35
2020-05-29,1728.7
2020-06-01,1730.6
2020-06-02,1742.15
2020-06-03,1705.35
2020-06-04,1700.05
2020-06-05,1683.45
2020-06-08,1690.35
2020-06-09,1713.5
2020-06-10,1722.05
2020-06-11,1738.25
2020-06-12,1733.5
2020-06-15,1710.45
2020-06-16,1719.85
2020-06-17,1724.35
2020-06-18,1719.5
2020-06-19,1734.75
2020-06-22,1761.85
2020-06-23,1768.9
2020-06-24,1766.05
2020-06-25,1756.55
2020-06-26,1747.6
2020-06-29,1771.6
2020-06-30,1768.1
2020-07-01,1771.05
2020-07-02,1777.45
2020-07-03,1772.9
2020-07-06,1787.9
2020-07-07,1789.55
2020-07-08,1811.1
2020-07-09,1812.1
2020-07-10,1803.1
2020-07-13,1807.5
2020-07-14,1801.9
2020-07-15,1804.6
2020-07-16,1807.7
2020-07-17,1807.35
2020-07-20,1815.65
2020-07-21,1842.55
2020-07-22,1852.4
2020-07-23,1878.3
2020-07-24,1902.1
2020-07-27,1936.65
2020-07-28,1940.9
2020-07-29,1950.9
2020-07-30,1957.65
2020-07-31,1964.9
2020-08-03,1958.55
2020-08-04,1977.9
2020-08-05,2048.15
2020-08-06,2067.15
2020-08-07,2031.15
2020-08-10,2044.5
2020-08-11,1939.65
2020-08-12,1931.9
2020-08-13,1944.25
2020-08-14,1944.75
2020-08-17,1972.85
2020-08-18,2008.75
2020-08-19,1981.0
2020-08-20,1927.15
2020-08-21,1924.35
2020-08-24,1943.95
2020-08-25,1911.15
2020-08-26,1932.95
2020-08-27,1923.85
2020-08-28,1957.35
2020-08-31,1957.35
2020-09-01,1972.35
2020-09-02,1947.05
2020-09-03,1940.45
2020-09-04,1926.3
2020-09-07,1928.45
2020-09-08,1910.95
2020-09-09,1947.2
2020-09-10,1966.25
2020-09-11,1947.4
2020-09-14,1958.7
2020-09-15,1949.35
2020-09-16,1961.8
2020-09-17,1936.25
2020-09-18,1950.85
2020-09-21,1909.35
2020-09-22,1906.0
2020-09-23,1873.4
2020-09-24,1861.75
2020-09-25,1859.7
2020-09-28,1864.3
2020-09-29,1883.95
2020-09-30,1886.9
2020-10-01,1902.0
2020-10-02,1903.05
2020-10-05,1909.6
2020-10-06,1913.4
2020-10-07,1884.5
2020-10-08,1887.45
2020-10-09,1923.25
2020-10-12,1925.5
2020-10-13,1891.3
2020-10-14,1910.05
2020-10-15,1891.9
2020-10-16,1905.05
2020-10-19,1905.6
2020-10-20,1898.4
2020-10-21,1924.15
2020-10-22,1900.95
2020-10-23,1903.65
2020-10-26,1898.45
2020-10-27,1905.7
2020-10-28,1869.95
2020-10-29,1870.3
2020-10-30,1881.85
2020-11-02,1889.9
2020-11-03,1908.3
2020-11-04,1900.15
2020-11-05,1938.45
2020-11-06,1940.8
2020-11-09,1867.3
2020-11-10,1878.7
2020-11-11,1860.95
2020-11-12,1874.85
2020-11-13,1890.9
2020-11-16,1885.6
2020-11-17,1889.05
2020-11-18,1876.1
2020-11-19,1857.35
2020-11-20,1875.7
2020-11-23,1840.2
2020-11-24,1799.6
2020-11-25,1810.2
2020-11-26,1807.4
2020-11-27,1779.3
2020-11-30,1762.55
2020-12-01,1810.75
2020-12-02,1822.6
2020-12-03,1832.35
2020-12-04,1843.0
2020-12-07,1859.95
2020-12-08,1868.15
2020-12-09,1841.75
2020-12-10,1844.35
2020-12-11,1842.0
2020-12-14,1831.15
2020-12-15,1850.65
2020-12-16,1851.95
2020-12-17,1890.75
2020-12-18,1879.75
2020-12-21,1880.0
2020-12-22,1877.1
2020-12-23,1875.0
2020-12-24,1875.0
2020-12-25,1875.0
2020-12-28,1875.0
2020-12-29,1874.3
2020-12-30,1887.6
2020-12-31,1887.6
2021-01-01,1887.6
2021-01-04,1943.2
2021-01-05,1940.35
2021-01-06,1931.95
2021-01-07,1920.1
2021-01-08,1862.9
2021-01-11,1847.25
2021-01-12,1841.25
2021-01-13,1858.85
2021-01-14,1841.75
2021-01-15,1839.0
2021-01-18,1833.05
2021-01-19,1834.7
2021-01-20,1856.6
2021-01-21,1862.1
2021-01-22,1852.7
2021-01-25,1856.85
2021-01-26,1856.6
2021-01-27,1843.0
2021-01-28,1853.7
2021-01-29,1863.8
2021-02-01,1862.95
2021-02-02,1833.1
2021-02-03,1835.45
2021-02-04,1785.9
2021-02-05,1802.95
2021-02-08,1835.25
2021-02-09,1839.6
2021-02-10,1842.65
2021-02-11,1840.1
2021-02-12,1816.35
2021-02-15,1817.3
2021-02-16,1794.25
2021-02-17,1780.7
2021-02-18,1773.15
2021-02-19,1786.2
2021-02-22,1807.45
2021-02-23,1799.65
2021-02-24,1788.0
2021-02-25,1779.65
2021-02-26,1742.85
2021-03-01,1734.15
2021-03-02,1723.85
2021-03-03,1711.4
2021-03-04,1712.1
2021-03-05,1696.25
2021-03-08,1687.05
2021-03-09,1716.9
2021-03-10,1716.2
2021-03-11,1724.25
2021-03-12,1704.8
2021-03-15,1723.65
2021-03-16,1735.0
2021-03-17,1729.65
2021-03-18,1725.9
2021-03-19,1735.2
2021-03-22,1736.15
2021-03-23,1726.2
2021-03-24,1730.5
2021-03-25,1737.3
2021-03-26,1731.8
2021-03-29,1705.95
2021-03-30,1683.95
2021-03-31,1691.05
2021-04-01,1726.05
2021-04-02,1726.05
2021-04-05,1726.05
2021-04-06,1744.65
2021-04-07,1738.05
2021-04-08,1755.5
2021-04-09,1741.2
2021-04-12,1732.85
2021-04-13,1747.95
2021-04-14,1735.55
2021-04-15,1757.2
2021-04-16,1774.45
2021-04-19,1774.5
2021-04-20,1777.85
2021-04-21,1798.2
2021-04-22,1787.75
2021-04-23,1781.8
2021-04-26,1773.35
2021-04-27,1784.15
2021-04-28,1772.2
2021-04-29,1762.65
2021-04-30,1767.65
2021-05-03,1767.65
2021-05-04,1797.75
2021-05-05,1782.25
2021-05-06,1813.15
2021-05-07,1836.55
2021-05-10,1840.45
2021-05-11,1829.1
2021-05-12,1830.7
2021-05-13,1821.8
2021-05-14,1838.1
2021-05-17,1853.7
2021-05-18,1866.75
2021-05-19,1888.45
2021-05-20,1878.3
2021-05-21,1875.9
2021-05-24,1880.15
2021-05-25,1887.0
2021-05-26,1899.75
2021-05-27,1891.45
2021-05-28,1899.95
2021-05-31,1899.95
2021-06-01,1899.35
2021-06-02,1902.75
2021-06-03,1866.55
2021-06-04,1890.6
2021-06-07,1888.4
2021-06-08,1893.15
2021-06-09,1894.6
2021-06-10,1888.65
2021-06-11,1881.05
2021-06-14,1865.6
2021-06-15,1865.1
2021-06-16,1860.75
2021-06-17,1778.7
2021-06-18,1773.1
2021-06-21,1775.05
2021-06-22,1775.05
2021-06-23,1791.6
2021-06-24,1784.85
2021-06-25,1786.65
2021-06-28,1780.3
2021-06-29,1755.45
2021-06-30,1763.15
2021-07-01,1781.5
2021-07-02,1786.15
2021-07-05,1791.35
2021-07-06,1809.85
2021-07-07,1804.65
2021-07-08,1807.7
2021-07-09,1806.0
2021-07-12,1792.4
2021-07-13,1813.85
2021-07-14,1823.2
2021-07-15,1823.75
2021-07-16,1824.3
2021-07-19,1814.9
2021-07-20,1823.05
2021-07-21,1802.15
2021-07-22,1799.45
2021-07-23,1799.6
2021-07-26,1800.2
2021-07-27,1800.35
2021-07-28,1796.6
2021-07-29,1829.3
2021-07-30,1825.75
2021-08-02,1811.45
2021-08-03,1812.65
2021-08-04,1829.1
2021-08-05,1800.75
2021-08-06,1762.9
2021-08-09,1738.85
2021-08-10,1723.35
2021-08-11,1743.6
2021-08-12,1747.4
2021-08-13,1773.85
2021-08-16,1786.35
2021-08-17,1789.45
2021-08-18,1783.45
2021-08-19,1782.05
2021-08-20,1779.05
2021-08-23,1802.0
2021-08-24,1808.45
2021-08-25,1788.7
2021-08-26,1786.6
2021-08-27,1798.5
2021-08-30,1798.5
2021-08-31,1814.85
2021-09-01,1811.8
2021-09-02,1812.55
2021-09-03,1823.7
2021-09-06,1821.6
2021-09-07,1802.15
2021-09-08,1786.0
2021-09-09,1788.25
2021-09-10,1794.6
2021-09-13,1793.9
2021-09-14,1792.75
2021-09-15,1796.95
2021-09-16,1747.95
2021-09-17,1755.95
2021-09-20,1757.75
2021-09-21,1774.45
2021-09-22,1773.4
2021-09-23,1750.0
2021-09-24,1746.8
2021-09-27,1755.3
2021-09-28,1733.75
2021-09-29,1737.15
2021-09-30,1742.8
2021-10-01,1757.05
2021-10-04,1754.55
2021-10-05,1753.2
2021-10-06,1759.7
2021-10-07,1762.1
2021-10-08,1773.25
2021-10-11,1757.65
2021-10-12,1767.75
2021-10-13,1785.7
2021-10-14,1798.7
2021-10-15,1772.65
2021-10-18,1767.85
2021-10-19,1779.55
2021-10-20,1778.0
2021-10-21,1779.3
2021-10-22,1808.25
2021-10-25,1805.25
2021-10-26,1785.55
2021-10-27,1795.25
2021-10-28,1803.5
2021-10-29,1769.15
2021-11-01,1793.8
2021-11-02,1790.45
2021-11-03,1763.45
2021-11-04,1796.15
2021-11-05,1801.85
2021-11-08,1822.35
2021-11-09,1827.3
2021-11-10,1859.4
2021-11-11,1857.9
2021-11-12,1860.55
2021-11-15,1859.9
2021-11-16,1859.2
2021-11-17,1864.9
2021-11-18,1860.3
2021-11-19,1861.1
2021-11-22,1816.05
2021-11-23,1789.15
2021-11-24,1782.05
2021-11-25,1788.15
2021-11-26,1800.8
2021-11-29,1785.95
2021-11-30,1804.4
2021-12-01,1789.25
2021-12-02,1765.0
2021-12-03,1767.55
2021-12-06,1778.65
2021-12-07,1781.35
2021-12-08,1783.8
2021-12-09,1776.15
2021-12-10,1779.75
2021-12-13,1787.8
2021-12-14,1776.9
2021-12-15,1768.65
2021-12-16,1795.7
2021-12-17,1807.7
2021-12-20,1796.3
2021-12-21,1793.75
2021-12-22,1792.8
2021-12-23,1805.2
2021-12-24,1805.2
2021-12-27,1805.2
2021-12-28,1805.2
2021-12-29,1794.25
2021-12-30,1805.85
2021-12-31,1805.85
2022-01-03,1805.85
2022-01-04,1811.4
2022-01-05,1826.25
2022-01-06,1789.35
2022-01-07,1792.6
2022-01-10,1794.2
2022-01-11,1806.8
2022-01-12,1821.4
2022-01-13,1820.35
2022-01-14,1822.95
2022-01-17,1817.85
2022-01-18,1817.25
2022-01-19,1826.95
2022-01-20,1845.35
2022-01-21,1837.6
2022-01-24,1831.6
2022-01-25,1847.3
2022-01-26,1835.95
2022-01-27,1806.75
2022-01-28,1788.15
2022-01-31,1795.25
2022-02-01,1799.85
2022-02-02,1803.65
2022-02-03,1792.7
2022-02-04,1804.7
2022-02-07,1813.55
2022-02-08,1822.6
2022-02-09,1827.8
2022-02-10,1835.35
2022-02-11,1831.15
2022-02-14,1866.15
2022-02-15,1848.55
2022-02-16,1862.6
2022-02-17,1893.45
2022-02-18,1893.6
2022-02-21,1894.45
2022-02-22,1900.1
2022-02-23,1904.7
2022-02-24,1936.3
2022-02-25,1884.8
2022-02-28,1909.85
2022-03-01,1922.0
2022-03-02,1928.5
2022-03-03,1929.6
2022-03-04,1945.3
2022-03-07,1980.95
2022-03-08,2039.05
2022-03-09,1988.9
2022-03-10,1996.6
2022-03-11,1978.7
2022-03-14,1954.05
2022-03-15,1913.65
2022-03-16,1913.2
2022-03-17,1949.65
2022-03-18,1935.8
2022-03-21,1935.05
2022-03-22,1915.25
2022-03-23,1931.75
2022-03-24,1965.2
2022-03-25,1953.8
2022-03-28,1937.05
2022-03-29,1910.0
2022-03-30,1933.85
2022-03-31,1942.15
2022-04-01,1929.4
2022-04-04,1930.3
2022-04-05,1944.05
2022-04-06,1930.15
2022-04-07,1932.4
2022-04-08,1941.4
2022-04-11,1951.55
2022-04-12,1960.85
2022-04-13,1976.75
2022-04-14,1963.25
2022-04-15,1963.25
2022-04-18,1963.25
2022-04-19,1964.0
2022-04-20,1949.55
2022-04-21,1943.7
2022-04-22,1941.55
2022-04-25,1895.0
2022-04-26,1904.6
2022-04-27,1885.8
2022-04-28,1888.5
2022-04-29,1911.3
2022-05-02,1911.3
2022-05-03,1869.7
2022-05-04,1863.65
2022-05-05,1892.3
2022-05-06,1882.35
2022-05-09,1860.9
2022-05-10,1857.35
2022-05-11,1851.95
2022-05-12,1837.05
2022-05-13,1811.55
2022-05-16,1809.5
2022-05-17,1825.0
2022-05-18,1810.65
2022-05-19,1844.0
2022-05-20,1834.2
